"","gender","wage"
"1","female",6.3152956461
"2","female",5.4797699786
"4","female",4.5933365997
"5","female",2.4181574607
"6","female",2.0940581101
"7","female",5.5120039196
"8","female",3.5484271597
"10","female",3.8277804998
"11","female",6.7368936796
"12","female",12.861342479
"13","female",7.6555609995
"15","female",6.1056621468
"16","female",8.2680058795
"17","female",1.8624054829
"19","female",4.7634601775
"20","female",6.3805955861
"21","female",5.6311238472
"23","female",1.2237382772
"24","female",1.3456535391
"25","female",0.7511116452
"26","female",11.330230279
"27","female",3.8947576562
"28","female",2.9985152513
"29","female",3.2678961879
"30","female",1.3551971812
"31","female",4.2871141597
"32","female",7.6249387555
"33","female",4.4437861058
"34","female",1.1342814763
"35","female",9.0641842234
"36","female",3.9808917197
"37","female",3.4507052379
"38","female",8.0967289215
"39","female",8.7352138308
"40","female",7.2758451739
"41","female",5.5120039196
"42","female",9.786358811
"43","female",7.0431161195
"45","female",4.0087301234
"46","female",3.6121512769
"48","female",5.8182263596
"49","female",2.2747952684
"50","female",5.4478926684
"51","female",2.4035572648
"52","female",9.0335619794
"53","female",4.9740959419
"54","female",9.3276123977
"55","female",5.8734467996
"56","female",3.2832096658
"57","female",2.1435570799
"58","female",2.5605735685
"59","female",9.1866731994
"60","female",2.8351910828
"61","female",5.8976173626
"62","female",2.5332947307
"63","female",8.2680058795
"64","female",14.102051849
"67","female",3.3777263077
"68","female",3.1847133758
"70","female",2.3189660503
"71","female",3.387992953
"73","female",5.8182263596
"74","female",5.3588926997
"76","female",5.5996360328
"77","female",3.8277804998
"78","female",8.0713228206
"79","female",3.9439174932
"80","female",6.3455414013
"81","female",5.4836124351
"82","female",6.9801937004
"83","female",10.047012436
"84","female",5.5120039196
"85","female",6.2556869882
"86","female",3.2344745223
"88","female",11.091041607
"89","female",5.1844171234
"90","female",5.1366344771
"91","female",4.241819428
"92","female",3.9028350194
"93","female",6.7803575098
"94","female",1.0261854211
"95","female",4.593064402
"97","female",7.3493385595
"98","female",4.5933365997
"99","female",4.7245747883
"100","female",4.8172135096
"101","female",8.5304822566
"102","female",6.195187114
"103","female",4.7046902142
"104","female",5.083341382
"105","female",5.790387956
"106","female",5.103707333
"107","female",6.9908342396
"108","female",4.3162052915
"109","female",7.7100274414
"110","female",5.7109839017
"111","female",1.9819297555
"112","female",5.8175870643
"113","female",3.6746692798
"114","female",2.7560019598
"115","female",4.9481497078
"116","female",3.9808917197
"117","female",4.1571449409
"118","female",4.7444519565
"119","female",6.6136220264
"120","female",2.7375759677
"121","female",5.2495275425
"122","female",3.9851788339
"123","female",7.9617834395
"124","female",6.1182562326
"125","female",3.1429922399
"126","female",6.1244487996
"127","female",4.8621578256
"129","female",2.3810941127
"130","female",3.6746692798
"131","female",6.984020561
"132","female",12.248897599
"133","female",7.3493385595
"134","female",1.9780828421
"135","female",3.2153356198
"136","female",4.7278219187
"137","female",8.7296711824
"138","female",6.6546249644
"139","female",4.6267022409
"141","female",5.9061957151
"142","female",4.4795968363
"143","female",3.3684468398
"144","female",2.8070390332
"145","female",7.7241182622
"146","female",3.694563081
"147","female",6.498828198
"148","female",2.3891985138
"149","female",4.5933365997
"150","female",4.5933365997
"152","female",2.4560771536
"153","female",7.6555609995
"154","female",3.1649325474
"155","female",4.9425376278
"156","female",3.6746692798
"158","female",9.7991180794
"159","female",7.5826508948
"160","female",2.9903411979
"161","female",4.2871141597
"163","female",1.2132241432
"164","female",6.1244487996
"165","female",7.1463085564
"167","female",2.1435570799
"168","female",1.9598236159
"169","female",4.32211101
"170","female",0.1028907398
"172","female",7.9617834395
"173","female",6.5739496289
"176","female",6.9107704357
"177","female",4.4479237092
"179","female",4.7230918709
"180","female",3.9317449084
"182","female",3.5385704176
"183","female",2.87054786
"185","female",4.1340029397
"186","female",1.5329546935
"187","female",2.4497795198
"189","female",4.0429136911
"191","female",5.1087252083
"193","female",8.2680058795
"194","female",3.2153356198
"195","female",4.9146811355
"196","female",5.639596603
"197","female",4.303666724
"198","female",4.5933365997
"199","female",2.7186577598
"200","female",4.4053672057
"202","female",7.9617834395
"204","female",9.6096961834
"205","female",0.9312027415
"207","female",3.5107076584
"208","female",3.9808917197
"209","female",5.5120039196
"210","female",2.9488086813
"211","female",4.5933365997
"213","female",3.0421142694
"214","female",3.5783296357
"215","female",5.2037800258
"216","female",2.6154650912
"217","female",2.7997480227
"218","female",6.5486530455
"221","female",7.8340542934
"222","female",6.2784349409
"223","female",4.5933365997
"224","female",6.4306712396
"225","female",5.247725439
"226","female",12.535891451
"227","female",2.2798842959
"228","female",7.6555609995
"229","female",4.8995590397
"231","female",7.3493385595
"244","female",4.385411563
"246","female",2.8172464478
"253","female",4.8131688299
"267","female",7.9617834395
"271","female",6.4306712396
"277","female",4.2871141597
"278","female",3.7555582262
"281","female",5.4082564263
"282","female",5.1366344771
"289","female",5.6651151396
"291","female",3.1847133758
"309","female",12.248897599
"315","female",5.1445369917
"316","female",5.2086433716
"317","female",6.451247451
"318","female",4.5933365997
"319","female",3.8964682412
"320","female",5.0179307392
"321","female",5.7569818716
"323","female",5.0906418422
"324","female",5.8674350834
"325","female",4.6083707763
"328","female",7.1237009722
"329","female",8.5495661095
"330","female",10.411562959
"331","female",3.0330603579
"332","female",5.9713375796
"334","female",2.2568834947
"335","female",5.6617126681
"337","female",5.9021715073
"338","female",2.8784909358
"339","female",3.7103456805
"340","female",7.6471356697
"341","female",4.4897275035
"342","female",4.2194335602
"343","female",6.1244487996
"344","female",3.9808917197
"346","female",3.3868201862
"347","female",1.6543965589
"348","female",8.9327326394
"349","female",5.1366344771
"350","female",3.9808917197
"352","female",8.1731582211
"353","female",7.593266606
"354","female",10.419403648
"355","female",4.491262453
"356","female",4.0143445913
"357","female",3.0896473049
"358","female",3.7733570803
"359","female",5.9713375796
"360","female",3.821656051
"361","female",5.8182263596
"362","female",4.0059287746
"363","female",5.5120039196
"364","female",6.7368936796
"365","female",9.4361877801
"366","female",7.0431161195
"367","female",7.3065743285
"368","female",6.6494015539
"370","female",7.6555609995
"371","female",7.6072100879
"372","female",7.2741748697
"373","female",3.3684468398
"374","female",2.8708353748
"375","female",5.6962353063
"376","female",6.2704201181
"378","female",11.452719255
"379","female",1.2489072062
"380","female",5.0726044074
"381","female",7.0147871714
"382","female",6.4306712396
"383","female",6.7368936796
"384","female",3.6746692798
"386","female",7.4832849318
"388","female",3.2920013231
"389","female",5.0593272692
"390","female",3.0622243998
"392","female",3.6428749569
"393","female",3.4616449737
"394","female",4.5933365997
"395","female",6.8593826556
"396","female",5.1924674605
"397","female",9.0723661982
"398","female",7.9617834395
"400","female",14.698677119
"401","female",0.428711416
"403","female",7.3493385595
"404","female",5.0551005965
"405","female",5.1848808873
"407","female",4.9852787651
"409","female",0.4747398821
"410","female",7.0929028414
"411","female",2.7322228697
"412","female",4.0227958431
"413","female",4.9358765258
"415","female",3.3093661681
"416","female",5.3737099145
"417","female",4.7574718275
"420","female",3.2663726931
"423","female",4.1571268721
"424","female",6.7368936796
"427","female",3.9808917197
"429","female",5.3744943977
"432","female",3.3684468398
"433","female",5.7511753965
"435","female",2.7746776749
"438","female",7.0122129375
"439","female",8.1659317328
"441","female",2.370754374
"443","female",3.3684468398
"444","female",6.1244487996
"445","female",4.5933365997
"447","female",5.9713375796
"468","female",8.0978823017
"472","female",5.2764481966
"481","female",4.6834020232
"513","female",8.9825249061
"514","female",7.7025625833
"515","female",3.6396724295
"516","female",2.6710499281
"517","female",5.6140780663
"518","female",5.1113311567
"519","female",5.3973274524
"520","female",2.365304364
"521","female",7.0194928264
"522","female",4.5267665041
"523","female",9.624133828
"524","female",7.0914670311
"525","female",4.5495905369
"526","female",5.5201698514
"527","female",2.5225452482
"528","female",10.557060914
"529","female",7.6993070624
"530","female",6.0268480219
"531","female",5.0417626002
"532","female",5.010365193
"534","female",3.7784734967
"535","female",4.491262453
"537","female",6.1703821656
"538","female",12.248897599
"539","female",3.9808917197
"541","female",4.4317494412
"542","female",3.0622243998
"543","female",2.5077992981
"544","female",3.1070374398
"545","female",6.6348195329
"546","female",6.0251334137
"547","female",5.6969622734
"548","female",12.312036247
"549","female",3.8901222017
"550","female",2.7560019598
"551","female",5.1751592357
"553","female",4.184513117
"554","female",3.9352151157
"555","female",4.382633086
"556","female",10.899087528
"557","female",7.3961922662
"558","female",6.4306712396
"560","female",6.8243858053
"561","female",3.6053358971
"562","female",5.6927971477
"563","female",2.4115017148
"565","female",0.4258112592
"566","female",3.0622243998
"567","female",2.4566932908
"568","female",6.7368936796
"569","female",12.669745799
"570","female",2.4126616483
"571","female",2.5735057582
"572","female",9.8344211296
"573","female",0.6144141561
"574","female",6.6160240102
"575","female",15.127388535
"576","female",9.3927030438
"577","female",4.9608035277
"578","female",4.8932855966
"579","female",2.211606511
"580","female",3.3684468398
"581","female",5.5271885034
"582","female",7.5456271436
"583","female",5.1328713749
"584","female",9.3668040465
"585","female",5.9323092294
"586","female",3.7945521073
"587","female",3.8996490316
"588","female",8.5742283195
"589","female",6.2775600196
"590","female",3.6746692798
"591","female",1.1961364792
"592","female",3.0622243998
"593","female",5.7124903602
"594","female",6.7924085572
"595","female",3.116157902
"596","female",7.5636942675
"597","female",3.8496535312
"598","female",5.3725249076
"599","female",3.0547250747
"600","female",9.5903300521
"601","female",12.395985811
"602","female",5.925048141
"603","female",4.948500251
"604","female",3.9196472317
"605","female",3.0622243998
"606","female",3.2685216225
"607","female",11.15418936
"608","female",2.9856687898
"609","female",6.1030132288
"610","female",4.1449631789
"612","female",2.9890654551
"613","female",6.2729202857
"614","female",5.3674944536
"615","female",4.3711752217
"616","female",4.4096031357
"619","female",6.7368936796
"620","female",0.9621490561
"621","female",6.5327453862
"622","female",5.5028172464
"625","female",6.5550457686
"626","female",4.7770700637
"627","female",4.9631896766
"628","female",6.1244487996
"629","female",6.7082260469
"630","female",6.0938265556
"631","female",8.9171974522
"632","female",5.2588758998
"633","female",3.0219907946
"636","female",5.5120039196
"637","female",3.1070374398
"638","female",8.0830288726
"640","female",5.8182263596
"641","female",4.9307146543
"642","female",4.4136348214
"643","female",7.4173205482
"644","female",3.6746692798
"645","female",5.8182263596
"646","female",3.2235513438
"648","female",1.0158575361
"650","female",3.5850431998
"652","female",0.7729886834
"653","female",2.1373915274
"655","female",4.3051584629
"657","female",10.128063739
"658","female",4.444599986
"659","female",4.7464478197
"660","female",5.9158762399
"661","female",5.3106215751
"662","female",8.6984494628
"663","female",15.311121999
"664","female",2.8100412139
"665","female",8.0223293212
"666","female",7.8723251986
"667","female",12.948834605
"668","female",3.5276825086
"669","female",7.1700863995
"670","female",8.3598726115
"671","female",7.111342906
"672","female",11.18476047
"673","female",8.5742283195
"674","female",2.9973772949
"675","female",9.3178656763
"677","female",2.1231422505
"678","female",2.3945213352
"679","female",7.1432823382
"680","female",5.9028226736
"681","female",7.7361458521
"682","female",3.651263743
"683","female",2.6650321136
"684","female",32.497400234
"685","female",8.4211170995
"686","female",6.0884226302
"687","female",1.5596049832
"688","female",6.0325820676
"689","female",5.8794708476
"690","female",8.7273395394
"691","female",2.7560019598
"692","female",11.777786153
"693","female",7.6629607191
"694","female",6.87701603
"695","female",7.0431161195
"696","female",5.854252529
"697","female",0.91121985
"698","female",1.6331863466
"699","female",9.0165496216
"700","female",2.7014275422
"701","female",7.9268122092
"702","female",5.8182263596
"703","female",8.2719827943
"705","female",8.2935244161
"707","female",6.4245873501
"708","female",7.2831283022
"709","female",5.0685093514
"710","female",8.3698117629
"711","female",7.232505774
"712","female",5.1753277034
"713","female",4.1082473888
"714","female",4.2871141597
"715","female",8.7160576601
"716","female",6.7368936796
"717","female",4.1739362723
"719","female",9.1866731994
"720","female",7.5191252589
"721","female",3.0115492915
"722","female",4.1449631789
"723","female",16.003584803
"725","female",11.024007839
"727","female",7.6555609995
"728","female",6.4306712396
"729","female",4.0727584517
"730","female",1.9035068453
"731","female",6.0504053772
"732","female",2.6265677326
"733","female",3.7913254474
"734","female",5.092407612
"735","female",7.3065743285
"736","female",4.4855117969
"737","female",12.283894449
"738","female",2.9856687898
"739","female",15.311121999
"740","female",1.2156505914
"741","female",4.3967510941
"742","female",3.5521803038
"743","female",6.1863972472
"744","female",2.562413061
"747","female",2.578715284
"748","female",4.2062252133
"750","female",1.5923566879
"751","female",2.7408197434
"752","female",4.4402253797
"753","female",1.6939964765
"754","female",6.3694267516
"755","female",1.9200974615
"756","female",7.2624375968
"757","female",3.6746692798
"758","female",3.6746692798
"759","female",3.821656051
"760","female",7.6555609995
"761","female",9.6708573715
"762","female",6.7209860203
"763","female",7.1009595674
"764","female",10.795638562
"765","female",9.2741653251
"766","female",4.0783344424
"767","female",5.8182263596
"768","female",7.1349828515
"769","female",3.8996490316
"770","female",8.8464260439
"771","female",4.2871141597
"772","female",20.99811017
"773","female",6.6302906459
"774","female",3.9808917197
"775","female",2.6951029979
"776","female",7.6555609995
"777","female",6.8488459695
"778","female",5.5732484076
"779","female",0.6687062206
"780","female",5.2531354652
"781","female",8.0820520715
"782","female",3.3458078267
"783","female",10.148102603
"784","female",7.3493385595
"786","female",2.9292202741
"787","female",4.1588421783
"788","female",7.1299553189
"789","female",5.3895149437
"790","female",1.0919017288
"791","female",4.5933365997
"792","female",5.0526702597
"795","female",6.1244487996
"796","female",30.862170858
"797","female",9.1866731994
"798","female",10.313190984
"799","female",6.7368936796
"800","female",7.6963906582
"801","female",16.971826768
"802","female",6.8243858053
"803","female",4.5066698714
"804","female",4.1878493932
"805","female",3.1756401183
"806","female",5.2057814797
"807","female",2.1963540523
"808","female",4.3823577084
"809","female",4.5933365997
"810","female",4.5933365997
"812","female",3.9156311997
"814","female",5.8362421582
"816","female",8.7579617834
"817","female",10.795638562
"820","female",2.9125701065
"821","female",7.1130654079
"822","female",2.113079965
"823","female",7.4751218601
"824","female",1.1905470564
"825","female",7.4126949264
"826","female",2.5477707006
"827","female",10.464058235
"828","female",7.4309978769
"829","female",3.3760212464
"830","female",6.1244487996
"832","female",6.7368936796
"833","female",4.7120759132
"836","female",15.311121999
"837","female",2.3246083035
"838","female",7.1962273395
"839","female",9.7378735914
"840","female",3.1847133758
"841","female",9.2758642013
"842","female",6.1621542891
"844","female",7.9617834395
"846","female",2.7639749645
"848","female",2.7173322319
"850","female",2.7560019598
"851","female",4.5593459089
"852","female",3.0350959689
"853","female",3.9808917197
"854","female",6.1244487996
"855","female",12.861342479
"856","female",7.8392944635
"858","female",13.998740113
"859","female",2.9193205945
"860","female",10.411562959
"861","female",5.5290162774
"862","female",4.4096031357
"863","female",4.8995590397
"864","female",5.6712395884
"866","female",7.2517192618
"867","female",8.9570063694
"868","female",11.636452719
"869","female",3.2764540903
"870","female",3.6307807216
"872","female",5.5640969324
"873","female",6.1351746294
"874","female",7.2517192618
"875","female",14.649095565
"876","female",10.311001022
"877","female",5.5120039196
"878","female",1.1362041425
"879","female",5.4284887087
"880","female",13.178124314
"881","female",8.7894573389
"882","female",6.0251334137
"883","female",2.8847041447
"884","female",4.9487291045
"885","female",5.7263596276
"886","female",4.8995590397
"887","female",3.9808917197
"888","female",7.8392944635
"889","female",8.2796633725
"890","female",6.4994150526
"891","female",1.7249894352
"892","female",4.8995590397
"893","female",12.132241432
"894","female",3.1222680155
"896","female",8.5742283195
"897","female",6.4306712396
"898","female",7.0063694268
"899","female",5.4346644638
"900","female",8.9623180881
"901","female",10.978937464
"902","female",8.8192062714
"903","female",3.2386915686
"904","female",5.6051867939
"905","female",7.1812164356
"906","female",6.1556006246
"907","female",6.7368936796
"908","female",7.8739050351
"909","female",5.5455208036
"910","female",7.9617834395
"911","female",2.3873413612
"912","female",3.0622243998
"913","female",1.0686957637
"914","female",4.1521686777
"915","female",4.0312827542
"916","female",5.6533373535
"917","female",16.472655392
"919","female",4.2819675641
"920","female",9.4783136184
"921","female",1.7402805332
"922","female",3.3684468398
"923","female",5.4268658422
"924","female",5.2057814797
"925","female",3.5336625529
"926","female",9.1866731994
"928","female",1.3054079864
"930","female",4.4096031357
"932","female",8.7119818791
"933","female",4.0873326748
"934","female",5.6600356205
"935","female",8.5742283195
"936","female",2.6580810648
"937","female",2.441729861
"938","female",7.2956581318
"939","female",7.9617834395
"940","female",1.5923566879
"941","female",7.1962273395
"942","female",5.1681752151
"943","female",8.3151785269
"944","female",3.0504291651
"945","female",1.3965454899
"946","female",2.8221056189
"947","female",3.2587764776
"948","female",5.5120039196
"949","female",4.7426855931
"950","female",5.790387956
"951","female",9.8598726115
"952","female",3.6746692798
"953","female",2.8576690311
"954","female",3.9439174932
"955","female",2.148204638
"957","female",8.5742283195
"958","female",5.8078903881
"959","female",4.3240720404
"960","female",6.7341956845
"962","female",4.1340029397
"963","female",4.5933365997
"965","female",7.4358013661
"966","female",6.833101496
"967","female",8.9171974522
"968","female",8.2839365266
"969","female",7.3519091571
"970","female",0.6824385805
"971","female",3.7031550881
"972","female",5.8505117926
"973","female",7.1513024906
"974","female",7.1615858382
"975","female",1.185377187
"976","female",5.2406675804
"977","female",3.7809382544
"978","female",3.5265974017
"979","female",7.6555609995
"980","female",4.8085103235
"981","female",5.3391207478
"982","female",3.7436630703
"983","female",4.4708476237
"984","female",5.7222235377
"985","female",1.7292561317
"986","female",1.3339113616
"987","female",3.3463256964
"988","female",4.9806363752
"989","female",5.6651151396
"991","female",0.6757069139
"992","female",8.9303302909
"993","female",3.1154804763
"994","female",6.0868241995
"995","female",3.0622243998
"996","female",6.0387341663
"997","female",6.5225379716
"998","female",5.2057814797
"999","female",2.3331233522
"1001","female",6.6656791586
"1002","female",5.2789036865
"1003","female",5.639596603
"1004","female",6.8043109748
"1005","female",5.5120039196
"1006","female",7.9617834395
"1007","female",12.552361278
"1008","female",9.1101856388
"1010","female",6.2953636498
"1011","female",6.175344496
"1012","female",6.1244487996
"1013","female",3.4996850283
"1014","female",3.3665046256
"1015","female",6.1223052425
"1016","female",5.2980985388
"1017","female",4.3126326964
"1018","female",5.0745432911
"1019","female",3.821656051
"1020","female",6.2775600196
"1021","female",8.7273395394
"1022","female",5.2608834526
"1023","female",10.942348522
"1024","female",5.5732484076
"1025","female",9.3302149682
"1026","female",7.9141080896
"1027","female",5.3895149437
"1028","female",2.9091131798
"1030","female",4.9927016985
"1031","female",2.2456312265
"1032","female",3.3684468398
"1033","female",7.3493385595
"1034","female",4.0589484201
"1036","female",2.4497795198
"1037","female",2.7186577598
"1038","female",0.6798238733
"1039","female",5.237084218
"1040","female",3.1790365249
"1041","female",4.8995590397
"1043","female",2.564181462
"1044","female",11.373976342
"1045","female",5.7039642552
"1046","female",8.0098424945
"1048","female",7.4063101763
"1049","female",2.8365868125
"1050","female",3.6676161717
"1051","female",2.9856687898
"1052","female",4.6545810877
"1053","female",2.7890079713
"1054","female",2.1021210401
"1055","female",4.0904575469
"1056","female",8.6481440808
"1058","female",2.5477707006
"1060","female",7.6555609995
"1062","female",1.7498425142
"1063","female",5.5120039196
"1064","female",3.9808917197
"1065","female",4.0146689828
"1066","female",3.9705517413
"1067","female",3.5385704176
"1068","female",4.4626556858
"1069","female",6.1244487996
"1070","female",4.0882629884
"1071","female",1.707621113
"1072","female",6.7368936796
"1073","female",0.5941629432
"1074","female",1.4519969798
"1075","female",9.7991180794
"1076","female",5.6971616741
"1077","female",16.780989711
"1078","female",2.8626637086
"1079","female",5.790387956
"1080","female",7.5024497795
"1081","female",3.5498397501
"1082","female",2.4146942192
"1085","female",1.1708505058
"1086","female",7.3493385595
"1089","female",3.3523298693
"1090","female",5.9713375796
"1091","female",4.8995590397
"1092","female",1.6379755552
"1093","female",5.9713375796
"1094","female",2.7522214359
"1095","female",12.786804018
"1096","female",3.3684468398
"1097","female",3.6746692798
"1098","female",2.6832904188
"1099","female",2.895193978
"1100","female",11.207202495
"1101","female",4.1040120822
"1102","female",2.7981630204
"1103","female",2.1638797429
"1104","female",3.0510340489
"1105","female",6.1712956798
"1106","female",9.6832501291
"1107","female",8.0492755652
"1109","female",6.873482106
"1110","female",3.8277804998
"1111","female",10.294023033
"1112","female",13.087863188
"1113","female",3.4066626062
"1114","female",5.2768155349
"1115","female",4.5495905369
"1116","female",3.7031550881
"1117","female",3.5840825773
"1119","female",4.5495905369
"1121","female",6.0661207158
"1122","female",7.0640592439
"1123","female",2.9034423939
"1124","female",8.3343014593
"1125","female",1.9904458599
"1129","female",5.0246057901
"1130","female",5.516059846
"1131","female",5.9713375796
"1132","female",7.0147871714
"1133","female",5.245410266
"1134","female",4.4402253797
"1136","female",6.5664193315
"1137","female",7.3807459893
"1138","female",2.1755157785
"1139","female",4.8995590397
"1141","female",3.9808917197
"1144","female",5.1110293691
"1145","female",2.9217553906
"1146","female",7.3493385595
"1147","female",10.100770035
"1148","female",6.5010264779
"1149","female",8.2680058795
"1150","female",2.7773663161
"1151","female",5.8087997887
"1152","female",4.5933365997
"1153","female",11.008885743
"1154","female",7.7285931295
"1155","female",1.9610304038
"1156","female",7.6644554272
"1157","female",4.2862898732
"1158","female",2.2480329712
"1159","female",6.1024447919
"1162","female",4.0621344079
"1163","female",5.5120039196
"1164","female",5.7096454945
"1165","female",6.4148653814
"1167","female",10.411562959
"1171","female",3.334778404
"1174","female",4.069921247
"1176","female",5.6491589815
"1177","female",5.8182263596
"1178","female",2.2966682999
"1180","female",1.4928343949
"1181","female",2.5683172385
"1182","female",5.5953968535
"1183","female",10.615711253
"1184","female",8.2046853071
"1185","female",1.2248897599
"1186","female",11.005994755
"1187","female",6.6148150519
"1189","female",7.1671631745
"1190","female",7.6555609995
"1191","female",4.1513954619
"1192","female",9.5983722576
"1193","female",6.4861779548
"1194","female",9.4222289225
"1195","female",8.0440521547
"1196","female",4.8995590397
"1197","female",4.8995590397
"1198","female",4.6584903103
"1199","female",3.5092098468
"1201","female",3.0696032538
"1202","female",3.9347810048
"1203","female",3.0622243998
"1204","female",6.1244487996
"1205","female",4.8995590397
"1206","female",5.3588926997
"1207","female",6.250372046
"1208","female",3.9808917197
"1209","female",5.8644338378
"1211","female",1.6193457843
"1212","female",5.1644000689
"1213","female",3.928280816
"1214","female",4.0867082732
"1217","female",3.1743397166
"1218","female",3.7705169035
"1220","female",7.9617834395
"1221","female",6.8488459695
"1222","female",5.1408830832
"1223","female",9.5678084251
"1225","female",3.9196472317
"1226","female",7.6555609995
"1227","female",6.7368936796
"1229","female",8.2104658176
"1231","female",3.6746692798
"1232","female",0.6898296121
"1233","female",1.8219184072
"1234","female",6.6494015539
"1236","female",2.5022747953
"1241","female",8.3685898926
"1243","female",4.7127232653
"1244","female",3.5262163064
"1245","female",4.7035766781
"1247","female",4.838652919
"1249","female",6.1244487996
"1250","female",8.8804507594
"1251","female",7.6555609995
"1253","female",3.15466891
"1254","female",3.4198264438
"1255","female",4.8859415882
"1256","female",0.5197900048
"1257","female",4.2871141597
"1258","female",3.0622243998
"1259","female",4.693261817
"1260","female",10.924692453
"1263","female",2.2292993631
"1264","female",4.2099461049
"1265","female",5.1717567641
"1266","female",1.2208649305
"1267","female",2.9200810322
"1269","female",1.5589506035
"1270","female",3.768891569
"1271","female",7.9617834395
"1273","female",3.9502694757
"1275","female",4.4585987261
"1277","female",11.636452719
"1278","female",2.915582668
"1281","female",7.0431161195
"1282","female",4.3871051605
"1284","female",5.8941695247
"1286","female",1.0070239923
"1287","female",6.361474908
"1290","female",4.9761146497
"1291","female",2.8662420382
"1294","female",3.1483858468
"1296","female",8.8804507594
"1297","female",4.8995590397
"1298","female",0.2813351039
"1299","female",7.5564133484
"1300","female",4.8995590397
"1301","female",2.2845863528
"1302","female",2.8266686767
"1303","female",6.0155697098
"1304","female",4.5083711435
"1305","female",9.4773409849
"1307","female",3.6746692798
"1308","female",3.1222680155
"1310","female",4.2441080354
"1311","female",2.5150747292
"1313","female",4.7356332726
"1314","female",3.8770423705
"1321","female",6.7691276206
"1343","female",2.9200810322
"1358","female",10.770968456
"1370","female",4.5495905369
"1398","female",4.1159462046
"1402","female",3.1847133758
"1418","female",6.4278618594
"1431","female",5.5107716362
"1478","female",3.2899931568
"1504","female",5.3109505859
"1505","female",3.0622243998
"1516","female",6.1244487996
"1521","female",2.7560019598
"1570","male",11.45580351
"1571","male",2.9332886356
"1573","male",6.915377616
"1575","male",5.1345640883
"1576","male",3.0622243998
"1578","male",7.6555609995
"1579","male",16.65645071
"1580","male",3.2168821978
"1581","male",6.8287604116
"1583","male",3.4909358158
"1584","male",6.1309990122
"1585","male",4.6384438443
"1586","male",7.9617834395
"1587","male",8.9458240893
"1588","male",2.4497795198
"1589","male",2.6329406054
"1591","male",2.0414829332
"1593","male",0.734933856
"1594","male",3.5031847134
"1595","male",9.0335619794
"1596","male",8.7579617834
"1598","male",6.3482658654
"1599","male",2.9117379436
"1600","male",3.2663726931
"1601","male",4.3329433684
"1602","male",3.2527248964
"1603","male",10.564674179
"1604","male",7.944758956
"1605","male",6.1244487996
"1607","male",2.5294578834
"1610","male",9.7991180794
"1611","male",6.1244487996
"1612","male",15.716767309
"1613","male",7.4641719745
"1614","male",2.359046945
"1615","male",6.1197413063
"1616","male",12.204889584
"1617","male",5.5732484076
"1619","male",10.96849924
"1622","male",4.8253232967
"1624","male",6.2782902798
"1627","male",5.4109207841
"1628","male",6.6348195329
"1629","male",3.3684468398
"1631","male",4.8995590397
"1632","male",4.7491339815
"1633","male",2.465584549
"1634","male",7.0431161195
"1637","male",4.9865906805
"1638","male",3.0755319901
"1639","male",4.3940855608
"1640","male",7.7248869077
"1641","male",14.382576536
"1643","male",5.7382222987
"1645","male",4.4113344287
"1646","male",10.634977516
"1647","male",7.6963906582
"1648","male",11.660950514
"1649","male",1.3846579895
"1650","male",1.4861995754
"1651","male",5.0862935947
"1652","male",9.0346478746
"1656","male",3.2143846184
"1659","male",6.4555000861
"1660","male",2.3437284584
"1661","male",4.8995590397
"1662","male",3.9808917197
"1665","male",0.8319522925
"1666","male",4.5495905369
"1668","male",8.685581934
"1671","male",5.3453669735
"1673","male",6.1244487996
"1674","male",3.595644134
"1676","male",2.0489883852
"1677","male",2.4497795198
"1678","male",3.0013005636
"1680","male",4.4855117969
"1681","male",8.9530094902
"1683","male",14.290380532
"1684","male",4.8995590397
"1685","male",8.2680058795
"1686","male",3.434494817
"1687","male",7.3493385595
"1688","male",4.8510485541
"1690","male",5.5120039196
"1691","male",6.808697562
"1693","male",4.0256208402
"1694","male",5.4373155197
"1695","male",12.283894449
"1696","male",3.9808917197
"1698","male",11.092493885
"1699","male",5.2057814797
"1703","male",5.8301389031
"1704","male",3.1919678482
"1706","male",3.3328395793
"1707","male",4.6044048807
"1710","male",1.4329641367
"1712","male",8.1148946595
"1713","male",7.4641719745
"1714","male",5.8168280836
"1717","male",4.4960659423
"1719","male",5.2057814797
"1720","male",0.3184713376
"1722","male",10.198499893
"1723","male",4.7464478197
"1726","male",6.1244487996
"1727","male",4.8995590397
"1728","male",7.9617834395
"1729","male",5.8519878279
"1730","male",4.1904123366
"1731","male",2.3382623905
"1732","male",7.9617834395
"1734","male",5.9429338517
"1735","male",2.1149175711
"1736","male",5.0526702597
"1739","male",5.2057814797
"1740","male",10.615711253
"1742","male",9.9334160115
"1743","male",5.6785379658
"1744","male",3.5783296357
"1746","male",8.0394370932
"1747","male",7.1451902662
"1749","male",2.0080159999
"1751","male",3.2812198417
"1752","male",1.9935607986
"1754","male",5.9713375796
"1755","male",9.7531847134
"1756","male",4.5933365997
"1757","male",7.0431161195
"1759","male",6.2556869882
"1763","male",2.5697342412
"1768","male",5.0065363113
"1771","male",2.1435570799
"1773","male",8.5742283195
"1774","male",3.1120977614
"1775","male",3.976910828
"1776","male",3.7659204286
"1777","male",7.3493385595
"1784","male",4.3866575424
"1785","male",3.7284449278
"1787","male",6.3220116641
"1790","male",6.4306712396
"1791","male",5.7324840764
"1793","male",3.6860108516
"1794","male",7.1560454928
"1795","male",7.0431161195
"1798","male",3.7913254474
"1799","male",3.3684468398
"1805","male",2.3810941127
"1806","male",4.556988245
"1809","male",9.6630192172
"1810","male",5.2057814797
"1814","male",4.5933365997
"1815","male",9.5694512494
"1816","male",8.5742283195
"1817","male",0.7625370055
"1818","male",5.7253274172
"1820","male",3.3641338477
"1826","male",5.4075133238
"1827","male",3.9676661659
"1842","male",11.889596603
"1858","male",4.1033806957
"1872","male",4.5062611032
"1887","male",5.9395187293
"1915","male",11.198992091
"1916","male",7.4535844965
"1917","male",7.8115611104
"1918","male",8.2680058795
"1922","male",3.5713791194
"1923","male",10.615711253
"1924","male",5.5120039196
"1925","male",12.086732141
"1926","male",4.8995590397
"1927","male",2.5875796178
"1928","male",3.1531815602
"1929","male",2.4419527482
"1930","male",3.8781215
"1931","male",6.0776972821
"1933","male",8.7172811381
"1936","male",8.1065431384
"1939","male",5.6617126681
"1940","male",7.9617834395
"1941","male",5.8460647633
"1942","male",4.1218216512
"1947","male",25.076734039
"1948","male",5.8494735474
"1949","male",5.5120039196
"1950","male",3.0622243998
"1951","male",8.3204223332
"1952","male",0.8912444149
"1953","male",7.8283457282
"1955","male",8.450317415
"1961","male",9.5823234316
"1962","male",4.5933365997
"1963","male",6.7572331774
"1965","male",10.3948213
"1966","male",6.5109695683
"1969","male",9.0239812301
"1970","male",6.2101910828
"1971","male",6.4306712396
"1972","male",10.105340519
"1973","male",11.785314427
"1974","male",3.4702176457
"1975","male",4.2462845011
"1976","male",6.2554875147
"1977","male",13.609886221
"1978","male",6.4306712396
"1979","male",6.7368936796
"1980","male",5.8877054006
"1981","male",1.7416401274
"1982","male",10.436794771
"1983","male",5.1297396657
"1984","male",7.0117979155
"1985","male",10.564674179
"1987","male",3.3075658206
"1989","male",7.3493385595
"1994","male",5.4140127389
"1995","male",6.6348195329
"1996","male",12.489072062
"1997","male",3.0622243998
"1998","male",5.9843470297
"1999","male",7.5081651296
"2000","male",12.853238294
"2001","male",5.8182263596
"2002","male",7.5569469934
"2003","male",2.3161551824
"2004","male",4.2871141597
"2005","male",11.330230279
"2007","male",4.8253232967
"2010","male",4.1539739684
"2011","male",4.8745612895
"2012","male",1.6634305382
"2013","male",3.2587764776
"2015","male",10.227234889
"2018","male",10.494250026
"2019","male",9.7991180794
"2020","male",9.7640675804
"2022","male",4.2871141597
"2023","male",7.0431161195
"2025","male",6.5639130646
"2026","male",13.771733517
"2030","male",4.2871141597
"2031","male",9.1866731994
"2032","male",5.8182263596
"2033","male",7.0431161195
"2035","male",4.9761146497
"2036","male",5.1309918907
"2041","male",4.5924179324
"2043","male",5.7555061008
"2044","male",4.0943318394
"2045","male",3.1800022613
"2047","male",10.555394711
"2049","male",9.7644513881
"2052","male",4.6044048807
"2054","male",8.1570315347
"2055","male",10.110201193
"2056","male",12.169229973
"2057","male",5.9883499374
"2058","male",16.229789319
"2059","male",7.5687886445
"2062","male",4.1226063117
"2063","male",3.3843925354
"2065","male",7.1202941329
"2067","male",9.1866731994
"2082","male",6.2650099196
"2084","male",4.1690793283
"2086","male",2.8204103697
"2087","male",8.5742283195
"2093","male",3.2497075263
"2094","male",5.6729184329
"2097","male",8.2009786501
"2103","male",14.392454679
"2106","male",6.2605476618
"2111","male",4.5987089232
"2113","male",8.9214233896
"2114","male",20.845396642
"2120","male",5.955155093
"2121","male",4.7842464333
"2123","male",8.9419598025
"2124","male",9.1866731994
"2130","male",7.9123313684
"2161","male",5.3323722805
"2173","male",9.9029956562
"2208","male",6.1739193069
"2209","male",8.2680058795
"2210","male",5.1049659538
"2211","male",8.5209722429
"2212","male",21.435570799
"2213","male",7.2497540262
"2214","male",13.167564919
"2215","male",6.4306712396
"2216","male",13.609886221
"2217","male",5.6242178822
"2219","male",13.221963716
"2220","male",8.2680058795
"2221","male",7.279344859
"2222","male",12.555120039
"2223","male",7.4271562443
"2224","male",8.4925690021
"2225","male",15.311121999
"2226","male",13.780009799
"2227","male",9.7991180794
"2228","male",3.9808917197
"2229","male",6.8858667585
"2232","male",7.6555609995
"2233","male",2.6670013492
"2234","male",7.8358501338
"2236","male",7.5126571942
"2237","male",5.5409263373
"2238","male",5.8182263596
"2239","male",5.1844171234
"2240","male",10.717785399
"2241","male",4.4855117969
"2243","male",10.291712884
"2244","male",16.331863466
"2245","male",5.4190149065
"2246","male",5.6869881711
"2247","male",15.938603297
"2248","male",4.9330412199
"2249","male",9.9604204346
"2250","male",5.1412413242
"2251","male",7.3738363547
"2252","male",11.745042237
"2253","male",4.9340629766
"2254","male",8.685581934
"2255","male",9.2547226305
"2256","male",4.8995590397
"2259","male",7.446842222
"2260","male",7.8086722195
"2261","male",3.6746692798
"2262","male",5.1208114096
"2263","male",7.4387465712
"2264","male",8.3319301627
"2265","male",7.3091782395
"2266","male",5.0480305257
"2267","male",5.1760605696
"2268","male",5.3588926997
"2269","male",6.7368936796
"2271","male",11.146496815
"2272","male",7.9355261837
"2273","male",7.1043606075
"2274","male",7.2852920361
"2275","male",5.5676807269
"2276","male",14.147476727
"2277","male",8.8804507594
"2278","male",10.166585007
"2279","male",10.071315804
"2280","male",5.0271718639
"2281","male",5.3588926997
"2282","male",5.5120039196
"2283","male",4.2951310899
"2284","male",9.7991180794
"2285","male",9.1866731994
"2286","male",8.9825249061
"2287","male",7.5024497795
"2288","male",11.024007839
"2289","male",4.6976249361
"2290","male",12.310142087
"2291","male",7.6555609995
"2292","male",8.6763024661
"2294","male",5.4140127389
"2295","male",11.715960067
"2296","male",12.248897599
"2297","male",6.1244487996
"2298","male",2.5802075961
"2299","male",5.2380154207
"2300","male",8.4256983801
"2302","male",5.1858359568
"2303","male",14.345555747
"2304","male",8.5742283195
"2305","male",2.585693664
"2306","male",8.4925690021
"2307","male",5.3588926997
"2308","male",9.6641629051
"2309","male",7.1025981762
"2310","male",6.3088616795
"2311","male",6.7472741013
"2312","male",5.2727042646
"2314","male",4.9488233445
"2315","male",11.769592911
"2316","male",5.103707333
"2317","male",9.1866731994
"2318","male",10.105340519
"2319","male",5.8578418929
"2320","male",4.5933365997
"2321","male",11.636452719
"2322","male",0.3382370661
"2323","male",8.1242688158
"2324","male",3.3113227761
"2325","male",2.769315979
"2326","male",3.3641338477
"2327","male",4.4541445815
"2328","male",10.044096031
"2329","male",11.330230279
"2330","male",6.7368936796
"2331","male",4.6155266316
"2332","male",6.5837824596
"2333","male",4.9902916145
"2334","male",8.8192062714
"2335","male",3.5739561217
"2336","male",4.6605561597
"2337","male",4.7022613602
"2339","male",9.8207020399
"2340","male",3.5828025478
"2341","male",8.2680058795
"2343","male",5.9416294325
"2344","male",3.9925281725
"2345","male",6.0661207158
"2346","male",8.5742283195
"2347","male",8.2680058795
"2348","male",11.996229756
"2349","male",12.119961835
"2350","male",6.304210778
"2351","male",9.3525759897
"2352","male",6.8403591715
"2353","male",7.2544723822
"2354","male",3.6557416234
"2355","male",6.9205039152
"2356","male",11.266674679
"2357","male",9.1866731994
"2358","male",3.5884094375
"2360","male",9.7206054965
"2361","male",14.618356479
"2362","male",11.557427573
"2363","male",6.5981630714
"2364","male",3.9196472317
"2365","male",4.4541445815
"2366","male",5.2432642565
"2368","male",7.8143430054
"2369","male",7.0063694268
"2370","male",13.491889178
"2371","male",7.1451902662
"2372","male",7.5513822313
"2373","male",7.9617834395
"2374","male",7.7351672126
"2375","male",8.7103271817
"2376","male",5.0516143202
"2377","male",4.8995590397
"2378","male",2.6818638954
"2379","male",14.336330309
"2380","male",12.003919647
"2381","male",15.004899559
"2383","male",10.411562959
"2384","male",4.8124557679
"2385","male",7.9617834395
"2386","male",8.2067613915
"2387","male",6.2814859483
"2388","male",22.911836136
"2389","male",5.2057814797
"2390","male",5.5547326322
"2392","male",6.9160150368
"2393","male",6.2738255996
"2394","male",13.081822636
"2396","male",6.1048818705
"2397","male",8.3079479369
"2398","male",9.5066070919
"2399","male",9.7338418226
"2400","male",3.9808917197
"2401","male",7.6555609995
"2402","male",9.7991180794
"2403","male",7.0415773133
"2404","male",6.1269034885
"2405","male",0.4152168678
"2406","male",5.2902215545
"2407","male",7.3493385595
"2410","male",9.0641842234
"2411","male",3.3862775135
"2412","male",6.6230764895
"2414","male",7.3493385595
"2415","male",4.8658722319
"2416","male",7.2019750696
"2417","male",5.3078556263
"2418","male",17.692852088
"2419","male",9.7991180794
"2420","male",10.810639946
"2421","male",10.264990736
"2422","male",8.8804507594
"2423","male",9.2119808391
"2424","male",11.186207853
"2425","male",5.7842016441
"2426","male",11.352636799
"2427","male",5.9713375796
"2428","male",3.0622243998
"2429","male",15.311121999
"2430","male",7.3817859704
"2431","male",8.7035645053
"2432","male",9.0991810737
"2433","male",7.7257197796
"2436","male",6.3694267516
"2438","male",10.105340519
"2439","male",4.7770700637
"2440","male",9.7991180794
"2441","male",7.6555609995
"2442","male",3.9996400324
"2443","male",9.1866731994
"2444","male",13.480268257
"2445","male",9.6379483741
"2446","male",13.159972627
"2447","male",10.973544216
"2449","male",8.8071085948
"2450","male",9.8036885636
"2451","male",17.31868301
"2452","male",9.1866731994
"2456","male",9.2310532632
"2457","male",4.8737038469
"2458","male",10.17074132
"2459","male",4.649216607
"2460","male",8.7652661719
"2461","male",2.6613203697
"2462","male",7.3528735949
"2464","male",7.3493385595
"2465","male",6.3030785563
"2466","male",4.1093075817
"2467","male",4.5933365997
"2468","male",6.1244487996
"2469","male",10.207414666
"2470","male",11.024007839
"2471","male",6.1281699837
"2472","male",9.7991180794
"2473","male",2.2037420765
"2474","male",5.9620219204
"2475","male",5.8182263596
"2476","male",2.7793862189
"2478","male",7.9795950356
"2479","male",2.1435570799
"2480","male",2.9675738274
"2482","male",7.1962273395
"2483","male",12.738853503
"2484","male",7.7168054875
"2485","male",13.800424628
"2486","male",9.749122579
"2487","male",10.105340519
"2488","male",10.748407643
"2489","male",9.4472371803
"2490","male",22.11606511
"2492","male",7.7604509847
"2493","male",10.317978539
"2494","male",2.6539278132
"2495","male",9.0641842234
"2496","male",5.4622227922
"2497","male",12.827317764
"2498","male",7.6555609995
"2499","male",9.969781732
"2500","male",20.414829332
"2501","male",7.0431161195
"2502","male",13.780009799
"2503","male",4.2019792599
"2504","male",8.5742283195
"2505","male",10.717785399
"2506","male",5.9710801547
"2507","male",10.991488642
"2509","male",15.311121999
"2510","male",7.2243025538
"2512","male",2.3161551824
"2513","male",11.636452719
"2514","male",4.1721135927
"2516","male",7.6555609995
"2517","male",4.1646251837
"2518","male",3.7111463594
"2520","male",5.4532763284
"2521","male",6.7759859059
"2522","male",9.6926059263
"2524","male",6.2856185049
"2525","male",10.384934921
"2526","male",7.0171650653
"2527","male",2.6807351648
"2528","male",13.846579895
"2529","male",7.0431161195
"2530","male",3.8346814635
"2532","male",7.0219867712
"2533","male",6.6589461494
"2534","male",5.8182263596
"2535","male",9.7991180794
"2537","male",3.7665360118
"2538","male",6.4306712396
"2540","male",7.4641719745
"2542","male",7.3616490094
"2543","male",7.0410329737
"2544","male",6.7341956845
"2545","male",1.0424593701
"2546","male",3.0707474896
"2547","male",3.8837967998
"2548","male",2.2768281507
"2549","male",6.1856932876
"2550","male",16.798488136
"2551","male",8.9350675874
"2552","male",3.4491480604
"2553","male",8.5742283195
"2554","male",6.4467882101
"2555","male",7.5026651258
"2556","male",4.2914577404
"2558","male",7.0147871714
"2559","male",4.8995590397
"2560","male",7.1812164356
"2563","male",4.342790967
"2564","male",12.248897599
"2565","male",4.5495905369
"2566","male",4.4089975042
"2567","male",7.8937340084
"2568","male",14.698677119
"2569","male",4.5495905369
"2570","male",7.5163689813
"2571","male",8.0842724155
"2572","male",22.123968204
"2573","male",7.9940173805
"2574","male",18.462291147
"2575","male",7.0431161195
"2576","male",12.243291696
"2577","male",7.6555609995
"2578","male",3.8277804998
"2580","male",9.2162123415
"2581","male",11.636452719
"2583","male",2.9941749687
"2584","male",7.2132396973
"2586","male",7.4854374217
"2587","male",7.7748871146
"2588","male",6.7254816632
"2589","male",7.6203074003
"2590","male",8.0152182277
"2591","male",2.4674038329
"2592","male",12.397910952
"2593","male",14.297568853
"2597","male",7.0431161195
"2598","male",3.5985461873
"2599","male",10.887908977
"2600","male",8.4211170995
"2601","male",7.237984945
"2602","male",4.9248144987
"2603","male",8.800847268
"2604","male",6.0792793291
"2605","male",4.376821276
"2608","male",4.9495545401
"2609","male",10.717785399
"2611","male",7.259273136
"2612","male",6.1244487996
"2613","male",4.2462845011
"2614","male",6.5919034945
"2615","male",9.9522292994
"2616","male",8.2680058795
"2617","male",7.621536284
"2618","male",3.3188502396
"2619","male",6.5327453862
"2620","male",9.0474811812
"2621","male",3.6941119744
"2622","male",8.4628747049
"2623","male",8.9825249061
"2624","male",8.3369460099
"2625","male",2.2966682999
"2626","male",15.923566879
"2627","male",5.3674944536
"2628","male",6.1175285185
"2629","male",4.281637471
"2630","male",11.024007839
"2631","male",7.6555609995
"2632","male",5.6533373535
"2633","male",11.903909922
"2634","male",5.3343949045
"2635","male",5.4630560832
"2636","male",6.4306712396
"2637","male",8.2333703073
"2638","male",3.3121019108
"2639","male",6.6905743189
"2640","male",4.0829658664
"2641","male",4.7782646299
"2642","male",13.525809704
"2643","male",4.5150366847
"2644","male",5.1518684968
"2646","male",11.082335923
"2647","male",8.2325924
"2648","male",8.6329420435
"2649","male",5.824426814
"2650","male",4.6584903103
"2651","male",4.6809435445
"2652","male",3.9808917197
"2653","male",13.859400802
"2654","male",6.7254816632
"2655","male",6.6450269476
"2656","male",9.9105112511
"2657","male",9.7991180794
"2659","male",5.0526702597
"2660","male",3.3116603561
"2661","male",3.9512572901
"2662","male",16.854050941
"2663","male",4.4293649177
"2664","male",10.110201193
"2665","male",6.6668718012
"2666","male",3.5102051236
"2668","male",6.7368936796
"2670","male",2.526731791
"2671","male",5.6617126681
"2672","male",6.4306712396
"2673","male",9.7991180794
"2674","male",3.9057805552
"2675","male",5.4140127389
"2676","male",7.1912882679
"2677","male",3.7309200747
"2678","male",4.753303546
"2679","male",7.9895248452
"2680","male",4.8410409621
"2681","male",7.891325179
"2682","male",12.065433935
"2683","male",8.3960625362
"2684","male",4.8995590397
"2685","male",10.411562959
"2687","male",2.9091131798
"2688","male",6.8900048996
"2690","male",2.1435570799
"2691","male",8.2566643076
"2692","male",5.9470638496
"2694","male",13.167564919
"2695","male",4.8995590397
"2697","male",5.8182263596
"2698","male",5.1122724748
"2699","male",6.2556869882
"2701","male",7.0041806203
"2702","male",7.8473430204
"2704","male",6.6400396899
"2705","male",12.248897599
"2706","male",4.4657439164
"2707","male",4.8770495801
"2708","male",7.6555609995
"2709","male",7.8392944635
"2710","male",12.950775281
"2711","male",6.4143270409
"2712","male",4.7264965506
"2713","male",6.324781237
"2714","male",9.9700329296
"2715","male",1.2550594584
"2716","male",11.758941695
"2717","male",7.6555609995
"2718","male",9.1866731994
"2719","male",9.5066070919
"2720","male",4.2091449865
"2721","male",7.6402498775
"2722","male",4.1704579921
"2723","male",8.4211170995
"2725","male",6.3796341663
"2726","male",6.2752972922
"2727","male",3.7273753796
"2729","male",6.3694267516
"2730","male",8.5742283195
"2731","male",9.5925101681
"2732","male",10.411562959
"2734","male",9.7991180794
"2736","male",3.7467216186
"2737","male",3.3544069014
"2738","male",5.5363394778
"2740","male",6.050955414
"2742","male",15.923566879
"2743","male",4.303666724
"2744","male",6.4773831372
"2746","male",5.5479093984
"2747","male",12.926880861
"2748","male",9.5137068732
"2749","male",5.5120039196
"2750","male",5.4830072467
"2751","male",5.869263433
"2752","male",4.1618413434
"2754","male",7.9617834395
"2755","male",18.702175865
"2756","male",4.2314373525
"2757","male",12.744686312
"2758","male",6.8025477707
"2760","male",6.4207930964
"2762","male",3.1100716561
"2763","male",6.7368936796
"2764","male",4.4096031357
"2765","male",2.1826696033
"2766","male",6.2399189988
"2769","male",5.4354483097
"2770","male",4.8045244893
"2772","male",4.6834020232
"2774","male",5.5120039196
"2775","male",5.8182263596
"2780","male",4.9128972222
"2781","male",5.5732484076
"2782","male",15.923566879
"2783","male",8.3442271855
"2784","male",4.0041299741
"2785","male",4.8995590397
"2788","male",2.2781854253
"2790","male",4.6954107464
"2791","male",4.8042520159
"2792","male",4.2747830548
"2793","male",6.4306712396
"2794","male",5.09216538
"2795","male",10.068145448
"2796","male",3.0622243998
"2799","male",3.3523298693
"2805","male",5.124826122
"2806","male",5.4867721081
"2807","male",13.780009799
"2808","male",11.072174449
"2809","male",6.1845448551
"2810","male",6.1244487996
"2811","male",4.8995590397
"2812","male",3.3289686855
"2813","male",5.1935965033
"2814","male",8.8532572609
"2815","male",7.0431161195
"2816","male",7.0431161195
"2818","male",4.1315200551
"2819","male",3.9196472317
"2820","male",5.1295555665
"2821","male",8.1065431384
"2822","male",10.717785399
"2823","male",6.8648929375
"2824","male",3.9371456569
"2825","male",6.7368936796
"2828","male",5.2057814797
"2829","male",11.222323324
"2831","male",6.1244487996
"2832","male",20.614742184
"2835","male",3.2801680001
"2836","male",6.5260519996
"2839","male",8.1413725396
"2841","male",6.8593826556
"2842","male",5.4861556861
"2843","male",7.2983014862
"2844","male",1.3673188018
"2845","male",4.9712599037
"2846","male",7.5659710644
"2847","male",6.8593826556
"2849","male",4.4541445815
"2853","male",12.384996461
"2855","male",3.9374638101
"2856","male",7.2255911352
"2858","male",7.0431161195
"2859","male",6.1069503745
"2860","male",8.9082891631
"2862","male",8.605666168
"2863","male",5.3201708366
"2865","male",5.9916897868
"2866","male",7.5161162878
"2867","male",4.4096031357
"2868","male",10.044974089
"2870","male",8.5742283195
"2871","male",4.590577839
"2872","male",9.164642808
"2873","male",6.4050101413
"2876","male",6.2309609526
"2877","male",1.070491891
"2878","male",11.942675159
"2880","male",2.3945213352
"2883","male",3.6746692798
"2885","male",6.6776248202
"2887","male",4.7120759132
"2888","male",5.601254681
"2889","male",6.6144047036
"2891","male",11.636452719
"2892","male",5.2057814797
"2893","male",7.5073888511
"2896","male",2.5376202198
"2898","male",4.0829658664
"2899","male",3.5454214735
"2900","male",3.5385704176
"2901","male",5.2470206048
"2902","male",7.9617834395
"2903","male",8.8158155731
"2904","male",5.1886714008
"2907","male",10.050838544
"2908","male",5.8182263596
"2909","male",5.6036012477
"2910","male",4.3695275868
"2911","male",18.939639628
"2912","male",9.3120274146
"2914","male",6.7177547771
"2915","male",5.8593211459
"2916","male",3.3011713656
"2917","male",11.548960594
"2919","male",28.30856334
"2920","male",9.1866731994
"2922","male",6.9107704357
"2923","male",12.356393698
"2926","male",11.022862012
"2928","male",4.2690527826
"2930","male",4.9914982399
"2931","male",9.7494603864
"2934","male",11.163177425
"2935","male",9.2310532632
"2937","male",8.5742283195
"2938","male",4.2871141597
"2939","male",7.3737874569
"2943","male",7.8392944635
"2944","male",8.3598726115
"2945","male",5.397819281
"2946","male",9.7292669322
"2951","male",5.116005423
"2952","male",5.4987856848
"2953","male",3.8512812917
"2955","male",7.0836998164
"2956","male",7.6555609995
"2958","male",7.6555609995
"2959","male",6.0048467692
"2961","male",4.7784754977
"2963","male",9.5466817822
"2964","male",13.473787359
"2965","male",6.9715118674
"2967","male",6.9213620774
"2968","male",3.2364973331
"2969","male",13.167564919
"2970","male",3.8277804998
"2971","male",4.0996895417
"2972","male",9.8896829415
"2975","male",11.636452719
"2980","male",3.9129584139
"2981","male",27.454425653
"2982","male",8.358071303
"2984","male",7.1266313305
"2986","male",8.1659317328
"2987","male",4.5116772824
"2990","male",4.5933365997
"2993","male",5.3674944536
"2994","male",1.7860773894
"2995","male",4.0167556091
"2996","male",8.6395404956
"2999","male",4.2389124794
"3001","male",7.621536284
"3002","male",17.233469821
"3004","male",7.5661684472
"3010","male",1.9337918031
"3011","male",10.499055085
"3012","male",2.9488086813
"3017","male",4.5333998232
"3020","male",2.2419664736
"3023","male",4.3203476028
"3024","male",4.8348046337
"3027","male",8.7961214279
"3028","male",3.3790062343
"3029","male",6.1244487996
"3031","male",3.843502877
"3032","male",4.0829658664
"3034","male",3.6087403692
"3035","male",5.6344928956
"3037","male",4.8995590397
"3041","male",7.8937340084
"3130","male",6.1433514194
"3222","male",4.4096031357
"3223","male",6.4500524067
